{"cash_usd": 94.5, "cash_eur": 109.8, "monthly_trades": 45, "monthly_trades_change": -0.6666666666666667, "monthly_fees": 61.08, "monthly_fees_change": 0.7200788510278795, "fees_labels": ["09-2021", "10-2021"], "fees_data": [61.08, 35.51], "trades_labels": ["09-2021", "10-2021"], "trades_data": [45, 15]}