{"cash_usd": 157.2, "cash_eur": 17542.3, "monthly_trades": 45, "monthly_trades_change": -0.6888888888888889, "monthly_fees": 61.08, "monthly_fees_change": 1.4422231107556978, "fees_labels": ["09-2021", "10-2021"], "fees_data": [61.08, 25.009999999999998], "trades_labels": ["09-2021", "10-2021"], "trades_data": [45, 14]}