{"cash_usd": 14.65, "cash_eur": 164.3, "monthly_trades": 41, "monthly_trades_change": -0.7804878048780488, "monthly_fees": 90.0, "monthly_fees_change": 0.414871875491275, "fees_labels": ["09-2021", "10-2021", "11-2021", "12-2021"], "fees_data": [63.61, 90.0, 70.38], "trades_labels": ["09-2021", "10-2021", "11-2021", "12-2021"], "trades_data": [45, 34, 41, 9]}