{"cash_usd": 515.29, "cash_eur": 89.55, "monthly_trades": 45, "monthly_trades_change": -0.8, "monthly_fees": 61.08, "monthly_fees_change": 1.9780594831789373, "fees_labels": ["09-2021", "10-2021"], "fees_data": [61.08, 20.509999999999998], "trades_labels": ["09-2021", "10-2021"], "trades_data": [45, 9]}