{"cash_usd": 59.22, "cash_eur": 94.8, "monthly_trades": 45, "monthly_trades_change": -0.24444444444444446, "monthly_fees": 61.08, "monthly_fees_change": 0.2092654919817858, "fees_labels": ["09-2021", "10-2021"], "fees_data": [61.08, 50.51], "trades_labels": ["09-2021", "10-2021"], "trades_data": [45, 34]}