{"cash_usd": 101.51, "cash_eur": 170.3, "monthly_trades": 34, "monthly_trades_change": -0.20588235294117652, "monthly_fees": 90.0, "monthly_fees_change": 0.414871875491275, "fees_labels": ["09-2021", "10-2021", "11-2021"], "fees_data": [63.61, 90.0, 57.63], "trades_labels": ["09-2021", "10-2021", "11-2021"], "trades_data": [45, 34, 27]}