{"cash_usd": 20.07, "cash_eur": 81.8, "monthly_trades": 34, "monthly_trades_change": -0.6176470588235294, "monthly_fees": 90.0, "monthly_fees_change": 0.414871875491275, "fees_labels": ["09-2021", "10-2021", "11-2021"], "fees_data": [63.61, 90.0, 23.919999999999998], "trades_labels": ["09-2021", "10-2021", "11-2021"], "trades_data": [45, 34, 13]}