{"cash_usd": 13344.6, "cash_eur": 169.3, "monthly_trades": 34, "monthly_trades_change": -0.20588235294117652, "monthly_fees": 90.0, "monthly_fees_change": 0.414871875491275, "fees_labels": ["09-2021", "10-2021", "11-2021"], "fees_data": [63.61, 90.0, 59.38], "trades_labels": ["09-2021", "10-2021", "11-2021"], "trades_data": [45, 34, 27]}