{"cash_usd": 193.07, "cash_eur": 168.3, "monthly_trades": 34, "monthly_trades_change": -0.1470588235294118, "monthly_fees": 90.0, "monthly_fees_change": 0.414871875491275, "fees_labels": ["09-2021", "10-2021", "11-2021"], "fees_data": [63.61, 90.0, 61.12], "trades_labels": ["09-2021", "10-2021", "11-2021"], "trades_data": [45, 34, 29]}