{"cash_usd": 8058.42, "cash_eur": 164.3, "monthly_trades": 34, "monthly_trades_change": 0.1470588235294117, "monthly_fees": 90.0, "monthly_fees_change": 0.414871875491275, "fees_labels": ["09-2021", "10-2021", "11-2021"], "fees_data": [63.61, 90.0, 70.38], "trades_labels": ["09-2021", "10-2021", "11-2021"], "trades_data": [45, 34, 39]}