{"cash_usd": 3491.87, "cash_eur": 15073.31, "monthly_trades": 45, "monthly_trades_change": -0.9777777777777777, "monthly_fees": 61.08, "monthly_fees_change": 2.646567164179104, "fees_labels": ["09-2021", "10-2021"], "fees_data": [61.08, 16.75], "trades_labels": ["09-2021", "10-2021"], "trades_data": [45, 1]}