{"cash_usd": 515.29, "cash_eur": 89.55, "monthly_trades": 45, "monthly_trades_change": -0.8, "monthly_fees": 61.08, "monthly_fees_change": 0.16011396011396006, "fees_labels": ["05-2021", "06-2021", "07-2021", "08-2021", "09-2021", "10-2021"], "fees_data": [0.0, 2.5, 9.870000000000001, 52.65, 61.08, 20.509999999999998], "trades_labels": ["05-2021", "06-2021", "07-2021", "08-2021", "09-2021", "10-2021"], "trades_data": [1, 1, 2, 9, 45, 9]}