{"cash_usd": 1203.62, "cash_eur": 94.3, "monthly_trades": 34.0, "monthly_trades_change": -1.0, "monthly_fees": 50.51, "monthly_fees_change": -0.1730517354289457, "fees_labels": ["05-2021", "06-2021", "07-2021", "08-2021", "09-2021", "10-2021", "11-2021"], "fees_data": [0.0, 2.5, 9.870000000000001, 52.65, 61.08, 50.51, 0.5], "trades_labels": ["05-2021", "06-2021", "07-2021", "08-2021", "09-2021", "10-2021", "11-2021"], "trades_data": [1.0, 1.0, 2.0, 9.0, 45.0, 34.0, 0.0]}