{"cash_usd": 2243.97, "cash_eur": 91.3, "monthly_trades": 34, "monthly_trades_change": -0.9411764705882353, "monthly_fees": 50.51, "monthly_fees_change": -0.1730517354289457, "fees_labels": ["09-2021", "10-2021", "11-2021"], "fees_data": [61.08, 50.51, 3.5], "trades_labels": ["09-2021", "10-2021", "11-2021"], "trades_data": [45, 34, 2]}