{"cash_usd": 4932.33, "cash_eur": 96.3, "monthly_trades": 45, "monthly_trades_change": -0.3111111111111111, "monthly_fees": 61.08, "monthly_fees_change": 0.24627627014894915, "fees_labels": ["09-2021", "10-2021"], "fees_data": [61.08, 49.01], "trades_labels": ["09-2021", "10-2021"], "trades_data": [45, 31]}